{
  "train_loss": [
    1.5918478925800856,
    1.1365764857004474,
    0.9629582170001622,
    0.8430258661675054,
    0.74842629893865,
    0.6710703439552691,
    0.5947433849120273,
    0.5334796828098137,
    0.47208961207606936,
    0.3464265569586661
  ],
  "val_loss": [
    1.1796459741062588,
    1.0065601812468634,
    0.9403748631477356,
    0.8937611712349786,
    0.876187268892924,
    0.9241303788291083,
    0.9572583595911662,
    0.9392178065247005,
    0.9285684565703074,
    0.9109390722380744
  ],
  "train_acc": [
    45.640689805719276,
    60.93429382230954,
    66.98100851342501,
    71.3163064833006,
    74.45099323291858,
    76.72997162191662,
    79.38441388343156,
    81.95153896529142,
    83.6847849814451,
    88.22527832351015
  ],
  "val_acc": [
    59.216509268975166,
    64.53305351521512,
    67.54109828611402,
    70.09443861490031,
    70.37425673312347,
    70.96887023434768,
    69.534802378454,
    70.89891570479189,
    72.40293809024135,
    74.08184679958028
  ]
}