{
    "base_train_loss": [
        1.9974104933511643,
        1.653117353726947,
        1.5589970692377242,
        1.4975052490688505,
        1.467036973029848,
        1.4177554213054597,
        1.387459657003009,
        1.3642341363997685,
        1.3406718706327772,
        1.3265858137796795,
        1.2809017628715151,
        1.2737737962934705,
        1.2493538450816322,
        1.2367993604569207,
        1.2153958135937888,
        1.2333892923688132,
        1.2185750339901638,
        1.180172518170069,
        1.1808666487724062,
        1.16929807511587
    ],
    "base_val_loss": [
        1.592547391432303,
        1.4938326355263039,
        1.4656399670353641,
        1.4260691983611495,
        1.440250776608785,
        1.4268736055162219,
        1.3961979654100207,
        1.400560283837495,
        1.4005371185585305,
        1.3863367312042802,
        1.3835373394577593,
        1.3889363248259934,
        1.3924560481530648,
        1.403830564993399,
        1.4013905954360961,
        1.4234603438553988,
        1.4134516491713347,
        1.404850148624844,
        1.417004118318911,
        1.4106373612085978
    ],
    "base_train_acc": [
        0.36023807525634766,
        0.4528571367263794,
        0.4834126830101013,
        0.5045238137245178,
        0.510952353477478,
        0.524920642375946,
        0.5396825075149536,
        0.5457936525344849,
        0.5549999475479126,
        0.5569047331809998,
        0.5732539296150208,
        0.5758730173110962,
        0.5824602842330933,
        0.5896825194358826,
        0.5956348776817322,
        0.5899206399917603,
        0.5994444489479065,
        0.6091269850730896,
        0.6090475916862488,
        0.6096031665802002
    ],
    "base_val_acc": [
        0.4655555486679077,
        0.5096296072006226,
        0.520370364189148,
        0.5355555415153503,
        0.5229629874229431,
        0.5259259343147278,
        0.5381481647491455,
        0.5459259152412415,
        0.5437036752700806,
        0.5433333516120911,
        0.5470370650291443,
        0.5425925850868225,
        0.5562962889671326,
        0.5470370650291443,
        0.5562962889671326,
        0.5425925850868225,
        0.5400000214576721,
        0.5429629683494568,
        0.5481481552124023,
        0.5437036752700806
    ],
    "tune_train_loss": [
        1.1774939568837484,
        1.0748356319987584,
        1.010431209859394,
        0.9534557799309019,
        0.9184110632775322,
        0.848876295997983,
        0.8164098160796696,
        0.7660018635174585,
        0.752257878099169,
        0.7115057514962696
    ],
    "tune_val_loss": [
        1.3099339931982534,
        1.2615330908033582,
        1.2505038824787846,
        1.2535571573398732,
        1.2368191775569208,
        1.2345547835032145,
        1.245801129694338,
        1.2618695352695606,
        1.26378489335378,
        1.2407682420589305
    ],
    "tune_train_acc": [
        0.6080158352851868,
        0.6387301087379456,
        0.6567460298538208,
        0.6792063117027283,
        0.6899999976158142,
        0.7074602842330933,
        0.7206348776817322,
        0.7418253421783447,
        0.7475396394729614,
        0.7555555105209351
    ],
    "tune_val_acc": [
        0.5755555629730225,
        0.5844444632530212,
        0.5837036967277527,
        0.5925925970077515,
        0.6007407307624817,
        0.601111114025116,
        0.602222204208374,
        0.6062963008880615,
        0.6059259176254272,
        0.6133333444595337
    ]
}