{
    "base_train_loss": [
        2.070972506356618,
        1.7402718473616101,
        1.6305979031608218,
        1.5825169838799371,
        1.5339334912527176,
        1.4862833359884837,
        1.4639120436471607,
        1.4344066047668458,
        1.4147048625491914,
        1.3716376044258238,
        1.3698532455686538,
        1.3144549509078738,
        1.3135978760038103,
        1.2975324081239246,
        1.2812565413732377,
        1.2656585252095782,
        1.2574811908933852,
        1.2380927457506694,
        1.2061471842962599,
        1.2193466101752388
    ],
    "base_val_loss": [
        1.633302900702865,
        1.5479660046542132,
        1.5109541907133879,
        1.449570689731174,
        1.4690738056324146,
        1.4205110919034039,
        1.4133773422241211,
        1.3971734903476856,
        1.383158456131264,
        1.4093708659984447,
        1.38511118500321,
        1.3952976874951963,
        1.3515816238191394,
        1.3729528737951209,
        1.376086253060235,
        1.363106424720199,
        1.3835074472427369,
        1.3774334926958438,
        1.3930860998012402,
        1.3717930784931889
    ],
    "base_train_acc": [
        0.33722221851348877,
        0.42968252301216125,
        0.46071428060531616,
        0.47833332419395447,
        0.48912695050239563,
        0.5080952048301697,
        0.5160317420959473,
        0.5287301540374756,
        0.5330952405929565,
        0.5443650484085083,
        0.5426190495491028,
        0.562063455581665,
        0.5672221779823303,
        0.5631746053695679,
        0.5696031451225281,
        0.5761110782623291,
        0.5759523510932922,
        0.5865872502326965,
        0.6034126877784729,
        0.588253915309906
    ],
    "base_val_acc": [
        0.4588888883590698,
        0.47962963581085205,
        0.4896296262741089,
        0.507777750492096,
        0.515925943851471,
        0.5299999713897705,
        0.5314815044403076,
        0.5414814949035645,
        0.5411111116409302,
        0.5333333611488342,
        0.554444432258606,
        0.5492592453956604,
        0.5592592358589172,
        0.5496296286582947,
        0.550000011920929,
        0.5570370554924011,
        0.5537037253379822,
        0.5477777719497681,
        0.5577777624130249,
        0.5592592358589172
    ],
    "tune_train_loss": [
        1.2151358696014163,
        1.1481831468097747,
        1.1120876727785383,
        1.0800843437891159,
        1.063290170942034,
        1.0246243299756732,
        1.0062125048940145,
        0.9851151471289378,
        0.966125422772907,
        0.9407815334531996
    ],
    "tune_val_loss": [
        1.2939503812789916,
        1.3017053114926374,
        1.2703446303473578,
        1.2768992326877735,
        1.2550007115470039,
        1.2504080687628851,
        1.2424755359579016,
        1.2642763446878504,
        1.265095105877629,
        1.239682866025854
    ],
    "tune_train_acc": [
        0.5961904525756836,
        0.6161904335021973,
        0.6273015737533569,
        0.640396773815155,
        0.6411904692649841,
        0.6558730006217957,
        0.6601586937904358,
        0.665238082408905,
        0.6753174066543579,
        0.6832539439201355
    ],
    "tune_val_acc": [
        0.5729629397392273,
        0.5781481266021729,
        0.588518500328064,
        0.5925925970077515,
        0.597777783870697,
        0.5992592573165894,
        0.5988888740539551,
        0.6044444441795349,
        0.5996296405792236,
        0.6092592477798462
    ]
}