{
    "base_train_loss": [
        2.1786767646244596,
        1.9146391322120788,
        1.85516485524556,
        1.795481427434891,
        1.7799916570905656,
        1.75358522566538,
        1.7369158607059054,
        1.7193910120403957,
        1.6883230649857295,
        1.6844535999449473,
        1.6849981978582957,
        1.6746463755198888,
        1.666410826274327,
        1.6590330894409664,
        1.6410609635095748,
        1.6241392171193683,
        1.6404454018577697,
        1.624868903311472,
        1.6249279240956382,
        1.621150003841945
    ],
    "base_val_loss": [
        1.7679612094384654,
        1.678716060673749,
        1.6426725076746058,
        1.6126544798745048,
        1.5989304826877735,
        1.592700444150854,
        1.5636896329455905,
        1.5453666505107173,
        1.5580877863919294,
        1.5479665093951755,
        1.536767960830971,
        1.5428755315144858,
        1.5260766871770224,
        1.525910308096144,
        1.5169743642100582,
        1.508596240149604,
        1.531483924123976,
        1.5293311663027163,
        1.522438458336724,
        1.5344659676375212
    ],
    "base_train_acc": [
        0.30992060899734497,
        0.3732539415359497,
        0.40015870332717896,
        0.4077777564525604,
        0.4267460107803345,
        0.4292857050895691,
        0.4302380681037903,
        0.4384920597076416,
        0.4474602937698364,
        0.44849205017089844,
        0.45222219824790955,
        0.45333331823349,
        0.45690473914146423,
        0.46166664361953735,
        0.46563491225242615,
        0.4722222089767456,
        0.4681745767593384,
        0.4699999690055847,
        0.47182539105415344,
        0.4689682424068451
    ],
    "base_val_acc": [
        0.4259259104728699,
        0.45370370149612427,
        0.4633333384990692,
        0.4792592525482178,
        0.4744444489479065,
        0.4681481420993805,
        0.4825925827026367,
        0.5018518567085266,
        0.49296295642852783,
        0.5040740966796875,
        0.49703702330589294,
        0.489259272813797,
        0.5,
        0.5066666603088379,
        0.5137037038803101,
        0.5137037038803101,
        0.5037037134170532,
        0.5055555701255798,
        0.503333330154419,
        0.4981481432914734
    ],
    "tune_train_loss": [
        1.5839203811070275,
        1.5525648198808943,
        1.505090660140628,
        1.4780957289347574,
        1.4517741493951706,
        1.4288335717670502,
        1.4166066533043271,
        1.3895239985178387,
        1.389947095371428,
        1.3720777431366935
    ],
    "tune_val_loss": [
        1.4649286194200868,
        1.451007544906051,
        1.4369611282701846,
        1.4233598852157592,
        1.3951584298522384,
        1.3889278664412321,
        1.3734745875111332,
        1.3791949796676635,
        1.366940491994222,
        1.3457928945400097
    ],
    "tune_train_acc": [
        0.4816666543483734,
        0.4960317313671112,
        0.4982539415359497,
        0.5138888955116272,
        0.5210317373275757,
        0.5280158519744873,
        0.5308730006217957,
        0.5367460250854492,
        0.5384126901626587,
        0.5483332872390747
    ],
    "tune_val_acc": [
        0.5299999713897705,
        0.5318518280982971,
        0.5318518280982971,
        0.5362963080406189,
        0.5459259152412415,
        0.5455555319786072,
        0.5522221922874451,
        0.5551851987838745,
        0.5514814853668213,
        0.5614814758300781
    ]
}