{
    "base_train_loss": [
        2.188281869585552,
        2.0040223506897217,
        1.94837943629613,
        1.9433861547803122,
        1.912248991708907,
        1.90476378244067,
        1.8927953136534919,
        1.8713957433095054,
        1.8968460017158872,
        1.8548801117094735,
        1.842368235663762,
        1.852444919328841,
        1.8421891739254905,
        1.8471358095653474,
        1.8512377833563185,
        1.836068212721083,
        1.8303033253503225,
        1.8207525901188926,
        1.8110340857127356,
        1.8344447251728604
    ],
    "base_val_loss": [
        1.790325570989538,
        1.7292393919273659,
        1.6801889499028524,
        1.6715595895272715,
        1.6566037707858616,
        1.6341580638179072,
        1.6343113284640842,
        1.6228977106235645,
        1.6119979261468957,
        1.623811579103823,
        1.6071819476728086,
        1.6087410773171318,
        1.5877587215988724,
        1.6047096430813825,
        1.6180126225506817,
        1.6035031193274039,
        1.609596073715775,
        1.6254583194520738,
        1.6083906293798376,
        1.5943381867585358
    ],
    "base_train_acc": [
        0.29603174328804016,
        0.34515872597694397,
        0.36515870690345764,
        0.36690473556518555,
        0.3722222149372101,
        0.38126981258392334,
        0.37976187467575073,
        0.3891269564628601,
        0.385396808385849,
        0.39571428298950195,
        0.39968252182006836,
        0.39642855525016785,
        0.4007936418056488,
        0.402777761220932,
        0.39619046449661255,
        0.39690473675727844,
        0.402222216129303,
        0.407698392868042,
        0.40912696719169617,
        0.40309521555900574
    ],
    "base_val_acc": [
        0.40259259939193726,
        0.43111109733581543,
        0.4507407546043396,
        0.44962963461875916,
        0.4548148214817047,
        0.4637036919593811,
        0.45444443821907043,
        0.4674074053764343,
        0.4655555486679077,
        0.4699999988079071,
        0.4703703820705414,
        0.4748148024082184,
        0.4866666793823242,
        0.48148149251937866,
        0.4718518555164337,
        0.47592592239379883,
        0.4740740656852722,
        0.46444442868232727,
        0.4651851952075958,
        0.4744444489479065
    ],
    "tune_train_loss": [
        1.732318172984653,
        1.6400436749534002,
        1.596565536620125,
        1.538993312215048,
        1.4800407343819029,
        1.4600762643511334,
        1.4049029059637161,
        1.405763785725548,
        1.3686322194054013,
        1.3338811705982874
    ],
    "tune_val_loss": [
        1.4984041208691068,
        1.4627469650904337,
        1.4176191654911747,
        1.3836922838069774,
        1.3829898002412584,
        1.3520628236841272,
        1.3377998549849899,
        1.3053960340994375,
        1.3085173167122734,
        1.301553130503054
    ],
    "tune_train_acc": [
        0.43341267108917236,
        0.4518253803253174,
        0.46833330392837524,
        0.49063488841056824,
        0.5024603009223938,
        0.5133333206176758,
        0.5212697982788086,
        0.5237301588058472,
        0.5453968048095703,
        0.5415078997612
    ],
    "tune_val_acc": [
        0.5051851868629456,
        0.5211111307144165,
        0.5388888716697693,
        0.5348148345947266,
        0.5429629683494568,
        0.5485185384750366,
        0.5622222423553467,
        0.5644444227218628,
        0.5677777528762817,
        0.5722222328186035
    ]
}