{
    "base_train_loss": [
        2.068613912264506,
        1.7384983997496348,
        1.638795152164641,
        1.595368075976296,
        1.529790911068992,
        1.4805085880794222,
        1.466452992681473,
        1.4351337980845618,
        1.4020939319852799,
        1.3786915707209753,
        1.3654415347841051,
        1.32452467918396,
        1.3303007765421793,
        1.3095546571035235,
        1.2851074638063946,
        1.271081034039694,
        1.262820317783053,
        1.238417677122449,
        1.2047002799170359,
        1.220922438530695
    ],
    "base_val_loss": [
        1.6347640200014468,
        1.5411073642306858,
        1.5211442295710247,
        1.4387042404104162,
        1.46506123525125,
        1.405178648630778,
        1.4223051200089631,
        1.4063600036833022,
        1.385642014786049,
        1.3924597522947524,
        1.3775911189891674,
        1.3814835377092716,
        1.3765550611637256,
        1.397176955011156,
        1.3776521816960088,
        1.3932717789544,
        1.3815892228373774,
        1.3745000062165438,
        1.396192613001223,
        1.3799440145492554
    ],
    "base_train_acc": [
        0.33142855763435364,
        0.4307936429977417,
        0.46095237135887146,
        0.47134920954704285,
        0.4930952489376068,
        0.5091269612312317,
        0.5156348943710327,
        0.5255555510520935,
        0.5343650579452515,
        0.5416666865348816,
        0.5478571653366089,
        0.5540476441383362,
        0.561984121799469,
        0.5642063617706299,
        0.5691269636154175,
        0.5784920454025269,
        0.580396831035614,
        0.5928571224212646,
        0.6014285683631897,
        0.5964285731315613
    ],
    "base_val_acc": [
        0.4533333480358124,
        0.482962965965271,
        0.4803703725337982,
        0.5211111307144165,
        0.5099999904632568,
        0.5225926041603088,
        0.5277777910232544,
        0.529629647731781,
        0.5422222018241882,
        0.5407407283782959,
        0.5533333420753479,
        0.5451852083206177,
        0.5551851987838745,
        0.5414814949035645,
        0.5514814853668213,
        0.5474073886871338,
        0.5518518686294556,
        0.5588889122009277,
        0.5585185289382935,
        0.5644444227218628
    ],
    "tune_train_loss": [
        1.1190129159367275,
        1.0677585321002536,
        1.0346765705138918,
        1.0029953968714154,
        0.9920296957757738,
        0.9421582909992763,
        0.9481289963873606,
        0.9148568310813299,
        0.8935595123730009,
        0.8823248114661565
    ],
    "tune_val_loss": [
        1.332176751030816,
        1.3426055837560582,
        1.3182798124242712,
        1.3239116850605717,
        1.3030241680145265,
        1.3059914610120986,
        1.297647442817688,
        1.3169938428313643,
        1.3166813129848904,
        1.2898302678708677
    ],
    "tune_train_acc": [
        0.6244444251060486,
        0.6427778005599976,
        0.6534126996994019,
        0.6639682650566101,
        0.6663492321968079,
        0.6807936429977417,
        0.6801587343215942,
        0.6891269683837891,
        0.6995238065719604,
        0.7050793766975403
    ],
    "tune_val_acc": [
        0.5770370364189148,
        0.5829629898071289,
        0.588518500328064,
        0.5925925970077515,
        0.5974074006080627,
        0.5959259271621704,
        0.5985184907913208,
        0.6044444441795349,
        0.5925925970077515,
        0.6114814877510071
    ]
}