{
  "train_loss": [
    6.036289452174523,
    4.81655974428081,
    4.0650209434871565,
    3.4890828632109656,
    3.091444600227825,
    2.7334286374086774,
    2.4289632013390183,
    2.1898415931110278,
    1.9790122012852291,
    1.760080343851164,
    1.598696519209686,
    1.4542724736575974,
    1.3119171325054915,
    1.1877987840988116,
    1.0720277475245172,
    0.9939090028488436,
    0.9653527168921252,
    0.8343886631494127,
    0.7877387166356241,
    0.5161252501914954
  ],
  "val_loss": [
    5.039877690209282,
    4.103901264402602,
    3.5003893640306263,
    3.033298969268799,
    2.7211362679799396,
    2.621569530169169,
    2.510166637102763,
    2.408277069197761,
    2.5212085114585028,
    2.395368962817722,
    2.380620339181688,
    2.5108662552303738,
    2.4319960223303903,
    2.4356334103478328,
    2.375085722075568,
    2.4841189093059963,
    2.5251491414176095,
    2.442906559838189,
    2.552169023619758,
    2.5417166974809433
  ],
  "train_acc": [
    20.59593975114604,
    34.9705304518664,
    44.429163938004805,
    51.54987993887797,
    56.99628901986466,
    61.54987993887798,
    65.99214145383104,
    69.28618205631957,
    71.84239249072255,
    75.05129884304736,
    77.21021611001964,
    79.34075529360402,
    81.21152586771447,
    82.81161318489413,
    84.40078585461688,
    85.55773848504694,
    86.24099541584806,
    87.82580222658808,
    88.45885177908754,
    92.47762497271339
  ],
  "val_acc": [
    32.96607205316544,
    42.584819867086395,
    51.20671563483736,
    56.78558936691151,
    61.07030430220357,
    63.588667366211965,
    65.25008744316195,
    66.4568030779993,
    65.72228051766352,
    66.92899615250087,
    68.88772298006296,
    67.40118922700245,
    69.0451206715635,
    70.14690451206715,
    70.7939839104582,
    69.46484784889822,
    69.77964323189926,
    70.14690451206715,
    69.97201818817769,
    72.75271073802028
  ],
  "train_style_acc": [
    34.6911154769701,
    51.25081859855926,
    58.83868151058721,
    64.39205413665138,
    68.54835188823401,
    71.79218511242087,
    75.43767736302118,
    77.64680200829513,
    79.58087753765554,
    81.75070945208469,
    83.44902859637634,
    84.73259113730626,
    86.19515389652915,
    87.2342283344248,
    88.12049770792403,
    89.33420650512988,
    89.438987120716,
    90.58720803318053,
    90.99759877755949,
    94.22396856581533
  ],
  "train_artist_acc": [
    6.500764025321982,
    18.69024230517354,
    30.019646365422396,
    38.70770574110456,
    45.44422615149531,
    51.30757476533508,
    56.54660554464091,
    60.92556210434403,
    64.10390744378957,
    68.35188823401005,
    70.97140362366295,
    73.94891944990177,
    76.2278978388998,
    78.38899803536346,
    80.68107400130975,
    81.78127046496398,
    83.04300371098013,
    85.06439641999563,
    85.92010478061559,
    90.73128137961145
  ],
  "val_style_acc": [
    46.93948933193424,
    55.613850996852044,
    62.25953130465198,
    65.65232598810773,
    68.80027981811823,
    70.33927946834558,
    71.35362014690452,
    71.91325638335083,
    70.23434767401189,
    71.80832458901713,
    72.96257432668766,
    71.91325638335083,
    73.06750612102134,
    74.18677859391396,
    74.4665967121371,
    72.92759706190976,
    74.29171038824764,
    74.18677859391396,
    73.34732423924449,
    76.07555089192026
  ],
  "val_artist_acc": [
    18.99265477439664,
    29.555788737320743,
    40.15389996502274,
    47.918852745715284,
    53.340328786288914,
    56.83805526407835,
    59.14655473941938,
    61.00034977264778,
    61.21021336131515,
    62.04966771598461,
    64.81287163343826,
    62.889122070654075,
    65.02273522210564,
    66.10703043022036,
    67.1213711087793,
    66.00209863588667,
    65.26757607555089,
    66.10703043022036,
    66.59671213711088,
    69.42987058412032
  ]
}