{
  "train_loss": [
    1.5522715777325231,
    1.1503497182323945,
    0.9737567213993499,
    0.8444383563942084,
    0.7347077629086691,
    0.6472039782967647,
    0.5554908454917663,
    0.4875826215860564,
    0.4226857261451263,
    0.23427627426077866
  ],
  "val_loss": [
    1.1882957087622747,
    1.028944026099311,
    1.0192913519011604,
    0.9136925273471408,
    0.9036925501293607,
    0.9145539747344122,
    0.986791733900706,
    0.974627517329322,
    0.993819977177514,
    1.0119848648707073
  ],
  "train_acc": [
    47.566033617114165,
    60.991049989085354,
    67.06395983409736,
    71.2770137524558,
    75.19318925998691,
    77.97424143200175,
    80.92556210434402,
    83.18707705741105,
    85.45295786946082,
    92.07596594629993
  ],
  "val_acc": [
    59.216509268975166,
    64.95278069254984,
    65.79223504721931,
    68.9401888772298,
    70.09443861490031,
    69.98950682056663,
    68.06575725778244,
    70.09443861490031,
    70.58412032179083,
    73.2773697096887
  ]
}