{
  "train_loss": [
    1.6194938904080312,
    1.1321533655321132,
    0.9559076741421023,
    0.8301574915814001,
    0.7449879791983013,
    0.6652762317957159,
    0.5994267250572503,
    0.5283126206704358,
    0.48042080780314333,
    0.42646547981314153,
    0.32721951826574414
  ],
  "val_loss": [
    1.1918649196624755,
    0.995757704310947,
    0.9210052384270562,
    0.8759711053636339,
    0.8770412723223369,
    0.8726955201890734,
    0.8942452894316779,
    0.9047077827983432,
    0.931791173087226,
    0.9254971848593818,
    0.934415774875217
  ],
  "train_acc": [
    44.65837153459943,
    61.405806592447064,
    67.26042348832132,
    71.67867277886924,
    74.55140798952193,
    76.9526304300371,
    79.31892599869025,
    81.89041693953286,
    83.52761405806592,
    85.46605544640909,
    89.01549879938878
  ],
  "val_acc": [
    57.95732773697097,
    65.79223504721931,
    67.99580272822665,
    70.1643931444561,
    70.40923399790137,
    71.17873382301504,
    72.15809723679608,
    71.31864288212662,
    72.0881427072403,
    72.33298356068555,
    74.18677859391396
  ]
}