{
  "train_loss": [
    5.862502195315654,
    4.309586839302958,
    3.5761932500913822,
    3.092846077247705,
    2.714907600892989,
    2.4317980794933254,
    2.2234613013001128,
    2.0252310636989233,
    1.8494968727314272,
    1.7088267796532401,
    1.5732876388720294,
    1.4703770264899931,
    1.346494568626308,
    1.261610326154272,
    1.1835954920206655,
    0.9712624806265592,
    0.8755900410300527,
    0.8290362973286453,
    0.7886256710444083,
    0.7407570423860124
  ],
  "val_loss": [
    4.628966999053955,
    3.4894020504421657,
    3.04679979218377,
    2.7349290794796413,
    2.5184016307195027,
    2.396678540441725,
    2.3994814766777885,
    2.1857426987753974,
    2.1353316148122152,
    2.2340999841690063,
    2.1123456901974147,
    2.138822735680474,
    2.218475196096632,
    2.1495606925752426,
    2.147583161460029,
    2.080719420644972,
    2.1366359498765735,
    2.172981113857693,
    2.2044693337546453,
    2.2230559958351983
  ],
  "train_acc": [
    22.202575856799825,
    40.71381794368042,
    49.938877974241436,
    56.47675180091683,
    61.51277013752456,
    65.26740886269374,
    68.26238812486356,
    70.74001309757695,
    73.16088190351451,
    74.97053045186641,
    76.8958742632613,
    78.37808338790657,
    79.90176817288801,
    81.12639161755075,
    82.42086880593757,
    85.45295786946082,
    86.8369351669941,
    87.4175944117005,
    88.1619733682602,
    88.77974241432003
  ],
  "val_acc": [
    37.12836656173487,
    50.629590766002096,
    56.05106680657572,
    60.28331584470095,
    63.62364463098986,
    65.79223504721931,
    65.66981462049668,
    69.16754109828611,
    70.2343476740119,
    69.04512067156348,
    71.26617698495977,
    71.52850647079399,
    71.26617698495977,
    72.12311997201819,
    72.36796082546346,
    74.11682406435817,
    74.04686953480238,
    73.6446309898566,
    74.39664218258133,
    74.13431269674712
  ],
  "train_style_acc": [
    36.41126391617551,
    56.28901986465837,
    63.182711198428294,
    68.05500982318271,
    71.4996725605763,
    74.56013970748745,
    76.42436149312377,
    78.432656625191,
    80.05675616677581,
    81.23990395110238,
    82.59768609473915,
    83.94237066142763,
    84.78934730408209,
    85.87644619078804,
    86.84566688495961,
    89.02423051735428,
    90.21611001964637,
    90.71818380266318,
    91.22462344466274,
    91.78345339445536
  ],
  "train_artist_acc": [
    7.993887797424144,
    25.138616022702468,
    36.69504475005457,
    44.89849377865095,
    51.525867714472824,
    55.97467801790002,
    60.100414756603364,
    63.04736956996289,
    66.26500764025322,
    68.70115695263043,
    71.19406243178345,
    72.81379611438551,
    75.01418904169395,
    76.37633704431347,
    77.99607072691552,
    81.88168522156734,
    83.45776031434184,
    84.11700502073784,
    85.09932329185767,
    85.77603143418467
  ],
  "val_style_acc": [
    52.640783490731025,
    63.76355369010143,
    65.47743966421825,
    68.17068905211613,
    71.03882476390346,
    72.43791535501924,
    71.38859741168241,
    74.04686953480238,
    75.13116474291711,
    73.38230150402238,
    75.02623294858343,
    75.23609653725079,
    75.2011192724729,
    75.62084644980763,
    75.2011192724729,
    77.26477789436866,
    77.19482336481288,
    76.46030080447709,
    77.36970968870234,
    77.22980062959077
  ],
  "val_artist_acc": [
    21.61594963273872,
    37.49562784190276,
    46.62469394893319,
    52.39594263728576,
    56.20846449807625,
    59.14655473941938,
    59.95103182931095,
    64.28821266176985,
    65.33753060510668,
    64.70793983910458,
    67.50612102133613,
    67.82091640433718,
    67.33123469744666,
    68.62539349422875,
    69.534802378454,
    70.96887023434768,
    70.89891570479189,
    70.8289611752361,
    71.4235746764603,
    71.03882476390346
  ]
}