{
  "train_loss": [
    5.14645003739682,
    3.2940767677136638,
    2.5526356813627915,
    2.0943942975731535,
    1.7827443636995455,
    1.5101659069847129,
    1.2886296387491278,
    1.1177726279756877,
    0.9905564793328333,
    0.855497547534591,
    0.743942050044763,
    0.6787483305071985,
    0.5909144561217484,
    0.41098955748134486,
    0.34032852997659974,
    0.30549176744908596,
    0.28857081928732675,
    0.2234638143934351,
    0.1917423444732441,
    0.1785820066439789
  ],
  "val_loss": [
    3.570936838785807,
    2.719361146291097,
    2.3517864412731595,
    2.234030156665378,
    2.10634908941057,
    2.0959787527720133,
    2.09130503071679,
    2.072272857030233,
    2.059203275044759,
    2.1858283970091077,
    2.1760134140650433,
    2.0874720652898153,
    2.3032543844646876,
    2.1966995583640205,
    2.2546442959043715,
    2.307460512055291,
    2.378472187783983,
    2.3264302174250284,
    2.3852687385347155,
    2.396958083576626
  ],
  "train_acc": [
    31.24645273957651,
    53.25693080113513,
    63.152150185549004,
    69.40187731936258,
    73.26129666011788,
    77.3390089500109,
    80.24667103252565,
    83.07356472385942,
    84.67146911154771,
    86.72342283344247,
    88.50687622789783,
    89.537218947828,
    90.74874481554247,
    93.51233355162628,
    94.63435931019428,
    95.14953067015935,
    95.41366513861601,
    96.52695917921851,
    97.00938659681293,
    97.17310630866623
  ],
  "val_acc": [
    49.4053864987758,
    60.125918153200416,
    66.12451906260931,
    68.57292759706192,
    70.09443861490033,
    70.16439314445611,
    71.4585519412382,
    72.84015389996503,
    73.10248338579923,
    72.52535851696396,
    73.3123469744666,
    73.76705141657922,
    73.05001748863239,
    75.34102833158447,
    75.27107380202868,
    74.99125568380552,
    74.85134662469395,
    75.65582371458552,
    75.86568730325288,
    76.26792584819867
  ],
  "train_style_acc": [
    45.77166557520192,
    64.80244488103034,
    72.16764898493778,
    76.41562977515827,
    79.03077930582842,
    82.07378301680856,
    84.50120061122026,
    86.62300807683911,
    87.6795459506658,
    89.25998690242305,
    90.71818380266318,
    91.61318489412793,
    92.30735647238595,
    94.52084697664266,
    95.53809211962454,
    96.14931237721022,
    96.16240995415848,
    97.05741104562323,
    97.56821654660554,
    97.71228989303646
  ],
  "train_artist_acc": [
    16.7212399039511,
    41.71141672123991,
    54.136651386160224,
    62.38812486356691,
    67.49181401440734,
    72.60423488321327,
    75.99214145383104,
    79.52412137087973,
    81.6633922724296,
    84.1868587644619,
    86.2955686531325,
    87.46125300152805,
    89.19013315869897,
    92.50382012660991,
    93.73062650076403,
    94.1497489631085,
    94.66492032307356,
    95.99650731281379,
    96.4505566470203,
    96.633922724296
  ],
  "val_style_acc": [
    61.59496327387198,
    68.3455753760056,
    73.06750612102134,
    74.01189227002449,
    74.08184679958028,
    73.17243791535502,
    74.60650577124869,
    75.90066456803078,
    75.65582371458552,
    75.86568730325288,
    76.07555089192026,
    75.7957327736971,
    75.48093739069604,
    77.89436866037076,
    77.43966421825813,
    76.91500524658971,
    77.6495278069255,
    77.36970968870234,
    77.85939139559287,
    78.45400489681707
  ],
  "val_artist_acc": [
    37.215809723679605,
    51.90626093039524,
    59.18153200419727,
    63.133962924099336,
    66.10703043022036,
    67.1563483735572,
    68.3105981112277,
    69.77964323189927,
    70.54914305701294,
    69.18502973067505,
    70.54914305701294,
    71.73837005946135,
    70.61909758656873,
    72.78768800279818,
    73.10248338579923,
    73.06750612102134,
    72.0531654424624,
    73.94193774046869,
    73.8719832109129,
    74.08184679958028
  ]
}