{
  "train_loss": [
    3.515979786824914,
    2.320467710827982,
    1.8425277944383673,
    1.5516558993795064,
    1.3480087277276556,
    1.175225334959989,
    1.0235370122021137,
    0.8936159236138094,
    0.8031783528501095,
    0.7201178571698386,
    0.6401445201322353,
    0.578931723684905,
    0.5143886350053649,
    0.4780831233124826,
    0.4192710935902995,
    0.31336711684252294,
    0.2709340056893546,
    0.23688254074594162,
    0.23226724209149457,
    0.21001097871063476
  ],
  "val_loss": [
    2.4112551980548433,
    1.8031307088004218,
    1.5183593352635703,
    1.3922826687494914,
    1.2580794903967116,
    1.1842554754681058,
    1.1811920709080166,
    1.1539185537232293,
    1.1660181482632954,
    1.1311541650030348,
    1.1089493725034925,
    1.1924093590842353,
    1.1818370752864413,
    1.1576751589775085,
    1.1798730346891615,
    1.092138291729821,
    1.0914372735553317,
    1.1135859396722583,
    1.1406760778692033,
    1.145411952998903
  ],
  "train_acc": [
    18.851779087535473,
    42.24841737611875,
    53.049552499454265,
    60.45841519318926,
    65.23029906134032,
    69.36913337699193,
    73.14560139707487,
    76.29775158262387,
    78.2885832787601,
    80.22702466710325,
    82.76795459506658,
    84.11263916175507,
    85.74983628028815,
    86.52695917921851,
    88.41737611875136,
    91.3730626500764,
    92.46889325474787,
    93.37699192316089,
    93.49050425671251,
    94.03187077057412
  ],
  "val_acc": [
    40.678558936691154,
    53.30535152151102,
    60.580622595313045,
    64.46309898565931,
    66.80657572577825,
    69.22000699545296,
    70.37425673312347,
    70.8289611752361,
    70.7590066456803,
    71.77334732423924,
    72.6477789436866,
    71.66841552990556,
    72.36796082546344,
    72.85764253235396,
    73.03252885624345,
    74.67646030080448,
    75.13116474291711,
    74.88632388947184,
    75.09618747813921,
    75.166142007695
  ]
}