{
  "train_loss": [
    3.549048905266064,
    2.3221336879543752,
    1.8037451006180747,
    1.463176364006277,
    1.2124818505188606,
    1.0175650864007086,
    0.8357381949711112,
    0.690837671969856,
    0.5911388773075695,
    0.48705439277867363,
    0.4326816278213229,
    0.37637906989821507,
    0.35030227862090374,
    0.16286781553033344
  ],
  "val_loss": [
    2.561690107981364,
    1.7938122404946222,
    1.5907239569558038,
    1.4514081716537475,
    1.3178871287239922,
    1.2431431730588278,
    1.223259655634562,
    1.2262586580382453,
    1.2110720038414002,
    1.2966746303770278,
    1.3122550990846422,
    1.4559172842237684,
    1.305870200528039,
    1.291227838728163
  ],
  "train_acc": [
    19.07443789565597,
    43.77646802008295,
    54.99672560576293,
    62.65444226151495,
    68.5003274394237,
    73.31586989740231,
    77.76468020082952,
    81.19187950229208,
    84.01659026413446,
    86.64920323073565,
    88.11176598995853,
    89.29054791530234,
    90.2815979043877,
    95.4726042348832
  ],
  "val_acc": [
    39.94403637635537,
    55.82371458551941,
    58.726827562084644,
    61.90975865687303,
    65.93214410633088,
    68.24064358167192,
    68.9401888772298,
    68.87023434767401,
    69.91955229101085,
    68.45050717033928,
    68.03077999300454,
    66.91150752011193,
    70.05946135012242,
    71.4235746764603
  ]
}