{
  "train_loss": [
    4.96189626834912,
    3.166364214939778,
    2.383915364742279,
    1.8872869281129465,
    1.4971054426118648,
    1.1707829325225767,
    0.9502951021634001,
    0.7717557179861229,
    0.635903216149221,
    0.31798512792454087,
    0.20656677447883776,
    0.16948514172609624,
    0.16444449327553118,
    0.09007063646431408,
    0.06554307000368167,
    0.057696067275448217,
    0.049784796655844045,
    0.03509667979855111,
    0.03405563978155732,
    0.0279349946318059
  ],
  "val_loss": [
    3.622583622402615,
    2.7560234440697564,
    2.3187363783518475,
    2.2116061131159466,
    2.1794575532277425,
    2.28283552063836,
    2.231249056922065,
    2.2293987035751344,
    2.316544617546929,
    2.3043286588456895,
    2.397568721241421,
    2.4882993115319145,
    2.644285207324558,
    2.543184338675605,
    2.6155949354171755,
    2.648517290751139,
    2.714687538146973,
    2.733351463741726,
    2.697635769844055,
    2.7888846000035605
  ],
  "train_acc": [
    33.734992359746784,
    55.31325038201266,
    65.5315433311504,
    72.32700283780834,
    77.75813141235538,
    82.43396638288584,
    85.42021392709016,
    88.0746561886051,
    89.98253656406898,
    95.04256712508186,
    96.79327657716655,
    97.42196027068326,
    97.43069198864876,
    98.7426326129666,
    99.09408426107836,
    99.21414538310412,
    99.34075529360402,
    99.56996289019864,
    99.5655970312159,
    99.65073128137962
  ],
  "val_acc": [
    49.020636586218956,
    61.10528156698146,
    66.29940538649878,
    68.52046169989507,
    69.867086393844,
    69.08009793634137,
    70.30430220356769,
    71.31864288212662,
    71.30115424973766,
    73.55718782791186,
    73.59216509268975,
    73.8719832109129,
    73.32983560685554,
    75.07869884575027,
    74.74641483036027,
    74.97376705141659,
    74.88632388947184,
    75.27107380202868,
    75.70828961175236,
    75.28856243441763
  ],
  "train_style_acc": [
    48.53525431128575,
    66.03798297314997,
    73.24165029469548,
    78.12268063741541,
    82.49727133813577,
    86.0641781270465,
    88.22527832351015,
    90.40820781488758,
    91.49530670159353,
    95.66470203012443,
    97.24950884086444,
    97.81270464963981,
    97.67736302117441,
    98.83431565160446,
    99.1879502292076,
    99.32765771665575,
    99.42370661427636,
    99.62453612748308,
    99.59834097358656,
    99.65946299934512
  ],
  "train_artist_acc": [
    18.934730408207816,
    44.58851779087536,
    57.82143636760533,
    66.53132503820126,
    73.01899148657499,
    78.80375463872517,
    82.61514953067017,
    85.74110456232263,
    88.46976642654442,
    94.42043222003929,
    96.33704431346868,
    97.0312158917267,
    97.18402095612312,
    98.65094957432875,
    99.00021829294914,
    99.1006330495525,
    99.25780397293167,
    99.51538965291421,
    99.53285308884523,
    99.6419995634141
  ],
  "val_style_acc": [
    61.140258831759354,
    68.13571178733822,
    72.29800629590765,
    73.10248338579923,
    73.20741518013291,
    72.71773347324239,
    73.10248338579923,
    74.81636935991605,
    74.67646030080448,
    75.83071003847499,
    76.42532353969919,
    76.04057362714235,
    75.44596012591815,
    77.22980062959077,
    76.94998251136761,
    77.85939139559287,
    77.12486883525709,
    77.54459601259181,
    77.75445960125919,
    77.22980062959077
  ],
  "val_artist_acc": [
    36.90101434067856,
    54.07485134662469,
    60.30080447708989,
    63.938440013990906,
    66.52675760755508,
    65.44246239944036,
    67.50612102133613,
    67.82091640433718,
    67.92584819867086,
    71.28366561734872,
    70.7590066456803,
    71.70339279468345,
    71.21371108779293,
    72.92759706190976,
    72.54284714935292,
    72.0881427072403,
    72.6477789436866,
    72.99755159146555,
    73.66211962224554,
    73.34732423924449
  ]
}